Relative File Path	Character / Subject Name	Real Actor / Actress	Franchise / Show
good/MiniMax_H3_00609_.mp4	Caitlyn	Katie Leung	Arcane
good/MiniMax_H3_00610_.mp4	Jinx	Ella Purnell	Arcane
good/MiniMax_H3_00611_.mp4	Silco	Jason Spisak	Arcane
good/MiniMax_H3_00612_.mp4	Vi	Hailee Steinfeld	Arcane
good/MiniMax_H3_00613_.mp4	Black Widow	Scarlett Johansson	Marvel's Avengers
good/MiniMax_H3_00614_.mp4	Bruce Banner	Mark Ruffalo	Marvel's Avengers
good/MiniMax_H3_00615_.mp4	Nick Fury	Samuel L. Jackson	Marvel's Avengers
good/MiniMax_H3_00616_.mp4	Scarlet Witch	Elizabeth Olsen	Marvel's Avengers
good/MiniMax_H3_00617_.mp4	Steve Rogers	Chris Evans	Marvel's Avengers
good/MiniMax_H3_00618_.mp4	Thor	Chris Hemsworth	Marvel's Avengers
good/MiniMax_H3_00619_.mp4	Tony Stark	Robert Downey Jr.	Marvel's Avengers
good/MiniMax_H3_00620_.mp4	Howard Wolowitz	Simon Helberg	The Big Bang Theory
good/MiniMax_H3_00621_.mp4	Leonard Hofstadter	Johnny Galecki	The Big Bang Theory
good/MiniMax_H3_00622_.mp4	Penny	Kaley Cuoco	The Big Bang Theory
good/MiniMax_H3_00623_.mp4	Raj Koothrappali	Kunal Nayyar	The Big Bang Theory
good/MiniMax_H3_00624_.mp4	Sheldon Cooper	Jim Parsons	The Big Bang Theory
good/MiniMax_H3_00625_.mp4	Jesse Pinkman	Aaron Paul	Breaking Bad
good/MiniMax_H3_00626_.mp4	Saul Goodman	Bob Odenkirk	Breaking Bad
good/MiniMax_H3_00627_.mp4	Walter White	Bryan Cranston	Breaking Bad
good/MiniMax_H3_00628_.mp4	Larry David	Larry David	Curb Your Enthusiasm
good/MiniMax_H3_00636_.mp4	Malcolm Reynolds	Nathan Fillion	Firefly
good/MiniMax_H3_00639_.mp4	Chandler Bing	Matthew Perry	Friends
good/MiniMax_H3_00640_.mp4	Joey Tribbiani	Matt LeBlanc	Friends
good/MiniMax_H3_00642_.mp4	Phoebe Buffay	Lisa Kudrow	Friends
good/MiniMax_H3_00643_.mp4	Rachel Green	Jennifer Aniston	Friends
good/MiniMax_H3_00644_.mp4	Ross Geller	David Schwimmer	Friends
good/MiniMax_H3_00645_.mp4	Daenerys Targaryen	Emilia Clarke	Game of Thrones
good/MiniMax_H3_00646_.mp4	Jon Snow	Kit Harington	Game of Thrones
good/MiniMax_H3_00648_.mp4	Tyrion Lannister	Peter Dinklage	Game of Thrones
good/MiniMax_H3_00649_.mp4	Dr. Gregory House	Hugh Laurie	House M.D.
good/MiniMax_H3_00653_.mp4	Frank Underwood	Kevin Spacey	House of Cards
good/MiniMax_H3_00654_.mp4	Barney Stinson	Neil Patrick Harris	How I Met Your Mother
good/MiniMax_H3_00655_.mp4	Ted Mosby	Josh Radnor	How I Met Your Mother
good/MiniMax_H3_00656_.mp4	John Oliver	John Oliver	Last Week Tonight
good/MiniMax_H3_00657_.mp4	Chloe Decker	Lauren German	Lucifer
good/MiniMax_H3_00658_.mp4	Lucifer Morningstar	Tom Ellis	Lucifer
good/MiniMax_H3_00661_.mp4	Adrian Monk	Tony Shalhoub	Monk
good/MiniMax_H3_00666_.mp4	Mr. Bean	Rowan Atkinson	Mr. Bean
good/MiniMax_H3_00667_.mp4	Darlene Alderson	Carly Chaikin	Mr. Robot
good/MiniMax_H3_00668_.mp4	Elliot Alderson	Rami Malek	Mr. Robot
good/MiniMax_H3_00670_.mp4	Beth Smith	Sarah Chalke	Rick and Morty
good/MiniMax_H3_00672_.mp4	Morty Smith	Justin Roiland	Rick and Morty
good/MiniMax_H3_00673_.mp4	Rick Sanchez	Justin Roiland	Rick and Morty
good/MiniMax_H3_00674_.mp4	Summer Smith	Spencer Grammer	Rick and Morty
good/MiniMax_H3_00675_.mp4	RoboCop	Peter Weller	RoboCop
good/MiniMax_H3_00676_.mp4	Dr. John Watson	Martin Freeman	Sherlock (BBC)
good/MiniMax_H3_00677_.mp4	Sherlock Holmes	Benedict Cumberbatch	Sherlock (BBC)
good/MiniMax_H3_00678_.mp4	Dr. Hannibal Lecter	Anthony Hopkins	The Silence of the Lambs
good/MiniMax_H3_00679_.mp4	Data	Brent Spiner	Star Trek: The Next Generation
good/MiniMax_H3_00682_.mp4	Geordi La Forge	LeVar Burton	Star Trek: The Next Generation
good/MiniMax_H3_00683_.mp4	Jean-Luc Picard	Patrick Stewart	Star Trek: The Next Generation
good/MiniMax_H3_00684_.mp4	William Riker	Jonathan Frakes	Star Trek: The Next Generation
good/MiniMax_H3_00685_.mp4	Worf	Michael Dorn	Star Trek: The Next Generation
good/MiniMax_H3_00686_.mp4	Castiel	Misha Collins	Supernatural
good/MiniMax_H3_00687_.mp4	Dean Winchester	Jensen Ackles	Supernatural
good/MiniMax_H3_00688_.mp4	Sam Winchester	Jared Padalecki	Supernatural
good/MiniMax_H3_00689_.mp4	The Terminator T-800	Arnold Schwarzenegger	The Terminator
good/MiniMax_H3_00691_.mp4	Dwight Schrute	Rainn Wilson	The Office
good/MiniMax_H3_00692_.mp4	Jim Halpert	John Krasinski	The Office
good/MiniMax_H3_00693_.mp4	Michael Scott	Steve Carell	The Office
good/MiniMax_H3_00694_.mp4	Pam Beesly	Jenna Fischer	The Office
good/MiniMax_H3_00697_.mp4	Tony Soprano	James Gandolfini	The Sopranos
good/MiniMax_H3_00698_.mp4	Dana Scully	Gillian Anderson	The X-Files
good/MiniMax_H3_00699_.mp4	Fox Mulder	David Duchovny	The X-Files
good/MiniMax_H3_00700_.mp4	Amy Farrah Fowler	Mayim Bialik	The Big Bang Theory
good/MiniMax_H3_00701_.mp4	Bernadette Rostenkowski	Melissa Rauch	The Big Bang Theory
good/MiniMax_H3_00704_.mp4	Bobby Singer	Jim Beaver	Supernatural
good/MiniMax_H3_00707_.mp4	Loki	Tom Hiddleston	Marvel's Avengers
good/MiniMax_H3_00708_.mp4	Doctor Strange	Benedict Cumberbatch	Marvel's Avengers
good/MiniMax_H3_00709_.mp4	Deadpool	Ryan Reynolds	Deadpool / Marvel's Avengers
good/MiniMax_H3_00710_.mp4	Wolverine	Hugh Jackman	Marvel's Avengers / X-Men
good/MiniMax_H3_00716_.mp4	Andy Bernard	Ed Helms	The Office
good/MiniMax_H3_00724_.mp4	Jerry Seinfeld	Jerry Seinfeld	Seinfeld
good/MiniMax_H3_00725_.mp4	George Costanza	Jason Alexander	Seinfeld
good/MiniMax_H3_00726_.mp4	Elaine Benes	Julia Louis-Dreyfus	Seinfeld
good/MiniMax_H3_00728_.mp4	Carrie Bradshaw	Sarah Jessica Parker	Sex and the City
good/MiniMax_H3_00732_.mp4	Dr. Temperance Brennan	Emily Deschanel	Bones
good/MiniMax_H3_00733_.mp4	Seeley Booth	David Boreanaz	Bones
good/MiniMax_H3_00734_.mp4	John Rambo	Sylvester Stallone	Rambo
good/MiniMax_H3_00735_.mp4	John McClane	Bruce Willis	Die Hard
good/MiniMax_H3_00739_.mp4	Jake Peralta	Andy Samberg	Brooklyn Nine-Nine
good/MiniMax_H3_00740_.mp4	Captain Raymond Holt	Andre Braugher	Brooklyn Nine-Nine
good/MiniMax_H3_00747_.mp4	Jack Shephard	Matthew Fox	Lost
good/MiniMax_H3_00748_.mp4	John Locke	Terry O'Quinn	Lost
good/MiniMax_H3_00750_.mp4	Buffy Summers	Sarah Michelle Gellar	Buffy the Vampire Slayer
good/MiniMax_H3_00751_.mp4	The Tenth Doctor	David Tennant	Doctor Who
good/MiniMax_H3_00754_.mp4	Jack Bauer	Kiefer Sutherland	24
good/MiniMax_H3_00755_.mp4	Don Draper	Jon Hamm	Mad Men
good/MiniMax_H3_00756_.mp4	Indiana Jones	Harrison Ford	Indiana Jones
good/MiniMax_H3_00757_.mp4	Captain Jack Sparrow	Johnny Depp	Pirates of the Caribbean
good/MiniMax_H3_00758_.mp4	Maximus Decimus Meridius	Russell Crowe	Gladiator
good/MiniMax_H3_00759_.mp4	Clark Kent	Tom Welling	Smallville
good/MiniMax_H3_00762_.mp4	Liz Lemon	Tina Fey	30 Rock
good/MiniMax_H3_00763_.mp4	Jack Donaghy	Alec Baldwin	30 Rock
good/MiniMax_H3_00765_.mp4	Will Smith	Will Smith	The Fresh Prince of Bel-Air
good/MiniMax_H3_00773_.mp4	James Bond (Daniel Craig)	Daniel Craig	James Bond
good/MiniMax_H3_00774_.mp4	Gandalf	Ian McKellen	Lord of the Rings
good/MiniMax_H3_00775_.mp4	Star-Lord	Chris Pratt	Marvel's Avengers
good/MiniMax_H3_00787_.mp4	Wednesday Addams	Jenna Ortega	Wednesday
good/MiniMax_H3_00788_.mp4	Angel	David Boreanaz	Buffy the Vampire Slayer
good/MiniMax_H3_00871_.mp4	Rick Grimes	Andrew Lincoln	The Walking Dead
good/MiniMax_H3_00872_.mp4	Negan	Jeffrey Dean Morgan	The Walking Dead
good/MiniMax_H3_00873_.mp4	Daryl Dixon	Norman Reedus	The Walking Dead
good/MiniMax_H3_00874_.mp4	Michonne	Danai Gurira	The Walking Dead
good/MiniMax_H3_00875_.mp4	Glenn Rhee	Steven Yeun	The Walking Dead
good/MiniMax_H3_00877_.mp4	President Josiah "Jed" Bartlet	Martin Sheen	The West Wing
good/MiniMax_H3_00878_.mp4	Josh Lyman	Bradley Whitford	The West Wing
good/MiniMax_H3_00883_.mp4	Darth Vader (voiced by James Earl Jones)	Darth Vader (voiced by James Earl Jones)	Star Wars
good/MiniMax_H3_00884_.mp4	Thanos	Josh Brolin	Marvel's Avengers
good/MiniMax_H3_00888_.mp4	Homelander	Antony Starr	The Boys
good/MiniMax_H3_00890_.mp4	Tony Montana	Al Pacino	Scarface
good/MiniMax_H3_00891_.mp4	Patrick Bateman	Christian Bale	American Psycho
good/MiniMax_H3_00894_.mp4	Miranda Priestly	Meryl Streep	The Devil Wears Prada
good/MiniMax_H3_00900_.mp4	Maleficent	Angelina Jolie	Maleficent
good/MiniMax_H3_00901_.mp4	Neo	Keanu Reeves	The Matrix
good/MiniMax_H3_00902_.mp4	John Wick	Keanu Reeves	John Wick
good/MiniMax_H3_00903_.mp4	Ethan Hunt	Tom Cruise	Mission: Impossible
good/MiniMax_H3_00905_.mp4	Han Solo	Harrison Ford	Star Wars
good/MiniMax_H3_00906_.mp4	Michael Corleone	Al Pacino	The Godfather
good/MiniMax_H3_00907_.mp4	Travis Bickle	Robert De Niro	Taxi Driver
good/MiniMax_H3_00908_.mp4	Marty McFly	Michael J. Fox	Back to the Future
good/MiniMax_H3_00910_.mp4	Forrest Gump	Tom Hanks	Forrest Gump
good/MiniMax_H3_00911_.mp4	Bruce Wayne / Batman	Christian Bale	The Dark Knight
good/MiniMax_H3_00912_.mp4	Harry Potter	Daniel Radcliffe	Harry Potter
good/MiniMax_H3_00913_.mp4	Tony Stark	Robert Downey Jr.	Marvel's Avengers
good/MiniMax_H3_00914_.mp4	The Terminator T-800	Arnold Schwarzenegger	The Terminator
good/MiniMax_H3_00915_.mp4	Captain Jack Sparrow	Johnny Depp	Pirates of the Caribbean
good/MiniMax_H3_00916_.mp4	Hermione Granger	Emma Watson	Harry Potter
good/MiniMax_H3_00917_.mp4	Ron Weasley	Rupert Grint	Harry Potter
good/MiniMax_H3_00918_.mp4	Rubeus Hagrid	Robbie Coltrane	Harry Potter
good/MiniMax_H3_00920_.mp4	Catwoman / Selina Kyle	Michelle Pfeiffer	Batman Returns
good/MiniMax_H3_00921_.mp4	Elizabeth Swann	Keira Knightley	Pirates of the Caribbean
good/MiniMax_H3_00924_.mp4	Billy Butcher	Karl Urban	The Boys
good/MiniMax_H3_00955_.mp4	Eric Cartman	Trey Parker	South Park
good/MiniMax_H3_00956_.mp4	Stan Marsh	Trey Parker	South Park
good/MiniMax_H3_00957_.mp4	Kyle Broflovski	Matt Stone	South Park
good/MiniMax_H3_00958_.mp4	Kenny McCormick	Matt Stone	South Park
good/MiniMax_H3_00959_.mp4	Randy Marsh	Trey Parker	South Park
good/MiniMax_H3_00960_.mp4	Charlie Harper	Charlie Sheen	Two and a Half Men
good/MiniMax_H3_00961_.mp4	Alan Harper	Jon Cryer	Two and a Half Men
good/MiniMax_H3_00965_.mp4	Spock	Leonard Nimoy	Star Trek: The Original Series
good/MiniMax_H3_00968_.mp4	Paul Atreides	Timothée Chalamet	Dune
good/MiniMax_H3_00971_.mp4	Dominic Toretto	Vin Diesel	Fast & Furious
good/MiniMax_H3_00972_.mp4	Willow Rosenberg	Alyson Hannigan	Buffy the Vampire Slayer
good/MiniMax_H3_00974_.mp4	Max Black	Kat Dennings	2 Broke Girls
good/MiniMax_H3_00975_.mp4	Caroline Channing	Beth Behrs	2 Broke Girls
good/MiniMax_H3_00976_.mp4	Lt. Colonel John Sheppard	Joe Flanigan	Stargate Atlantis
good/MiniMax_H3_00977_.mp4	Dr. Rodney McKay	David Hewlett	Stargate Atlantis
good/MiniMax_H3_00978_.mp4	Clara Oswald	Jenna Coleman	Doctor Who
good/MiniMax_H3_00979_.mp4	The Twelfth Doctor	Peter Capaldi	Doctor Who
good/MiniMax_H3_00981_.mp4	The Eleventh Doctor	Matt Smith	Doctor Who
good/MiniMax_H3_00987_.mp4	Richard B. Riddick	Vin Diesel	The Chronicles of Riddick
good/MiniMax_H3_00988_.mp4	Martin Riggs	Mel Gibson	Lethal Weapon
good/MiniMax_H3_00991_.mp4	Axel Foley	Eddie Murphy	Beverly Hills Cop
good/MiniMax_H3_00994_.mp4	Dr. Doug Ross	George Clooney	ER
good/MiniMax_H3_01004_.mp4	Harry Callahan	Clint Eastwood	Dirty Harry
good/MiniMax_H3_01008_.mp4	Patrick Jane	Simon Baker	The Mentalist
good/MiniMax_H3_01009_.mp4	John Reese	Jim Caviezel	Person of Interest
good/MiniMax_H3_01010_.mp4	Harold Finch	Michael Emerson	Person of Interest
good/MiniMax_H3_01013_.mp4	Special Agent Leroy Jethro Gibbs	Mark Harmon	NCIS
good/MiniMax_H3_01014_.mp4	Anthony DiNozzo	Michael Weatherly	NCIS
good/MiniMax_H3_01015_.mp4	Ziva David	Cote de Pablo	NCIS
good/MiniMax_H3_01016_.mp4	Abby Sciuto	Pauley Perrette	NCIS
good/MiniMax_H3_01019_.mp4	John Nolan	Nathan Fillion	The Rookie
good/MiniMax_H3_01024_.mp4	Richard Castle	Nathan Fillion	Castle
good/MiniMax_H3_01025_.mp4	Kate Beckett	Stana Katic	Castle
good/MiniMax_H3_01026_.mp4	Jax Teller	Charlie Hunnam	Sons of Anarchy
good/MiniMax_H3_01028_.mp4	Carrie Mathison	Claire Danes	Homeland
good/MiniMax_H3_01029_.mp4	Nicholas Brody	Damian Lewis	Homeland
good/MiniMax_H3_01031_.mp4	Raymond Reddington	James Spader	The Blacklist
good/MiniMax_H3_01033_.mp4	Javier Peña	Pedro Pascal	Narcos
good/MiniMax_H3_01039_.mp4	Sergeant Terry Jeffords	Terry Crews	Brooklyn Nine-Nine
good/MiniMax_H3_01040_.mp4	Detective Rosa Diaz	Stephanie Beatriz	Brooklyn Nine-Nine
good/MiniMax_H3_01049_.mp4	Spike	James Marsters	Buffy the Vampire Slayer
good/MiniMax_H3_01052_.mp4	Saul Berenson	Mandy Patinkin	Homeland
good/MiniMax_H3_01054_.mp4	Jason Bourne	Matt Damon	Bourne Franchise / The Bourne Identity
good/MiniMax_H3_01057_.mp4	Ragnar Lothbrok	Travis Fimmel	Vikings
good/MiniMax_H3_01060_.mp4	Bjorn Ironside	Alexander Ludwig	Vikings
good/MiniMax_H3_01063_.mp4	Tommy Shelby	Cillian Murphy	Peaky Blinders
good/MiniMax_H3_01065_.mp4	Michael Scofield	Wentworth Miller	Prison Break
good/MiniMax_H3_01069_.mp4	Frank Martin	Jason Statham	The Transporter
good/MiniMax_H3_01072_.mp4	Max Rockatansky	Mel Gibson	Mad Max
good/MiniMax_H3_01073_.mp4	Bryan Mills	Liam Neeson	Taken
good/MiniMax_H3_01076_.mp4	Phil Wenneck	Bradley Cooper	The Hangover
good/MiniMax_H3_01079_.mp4	Hank Moody	David Duchovny	Californication
good/MiniMax_H3_01080_.mp4	Ace Ventura	Jim Carrey	Ace Ventura
good/MiniMax_H3_01095_.mp4	Edward Cullen	Robert Pattinson	Twilight
good/MiniMax_H3_01096_.mp4	Bella Swan	Kristen Stewart	Twilight
good/MiniMax_H3_01098_.mp4	Mathayus	Dwayne Johnson	The Scorpion King
good/MiniMax_H3_01139_.mp4	Diana Prince / Wonder Woman	Gal Gadot	Wonder Woman
good/MiniMax_H3_01142_.mp4	Jane Smith	Angelina Jolie	Mr. & Mrs. Smith
good/MiniMax_H3_01181_.mp4	Celeste Wright	Nicole Kidman	Big Little Lies
good/MiniMax_H3_01182_.mp4	Madeline Martha Mackenzie	Reese Witherspoon	Big Little Lies
good/MiniMax_H3_01198_.mp4	Eve Polastri	Sandra Oh	Killing Eve
good/MiniMax_H3_01204_.mp4	Annalise Keating	Viola Davis	How to Get Away with Murder
good/MiniMax_H3_01221_.mp4	Annette Hargrove	Reese Witherspoon	Cruel Intentions
good/MiniMax_H3_01228_.mp4	Natalie Cook	Cameron Diaz	Charlie's Angels
good/MiniMax_H3_01229_.mp4	Dylan Sanders	Drew Barrymore	Charlie's Angels
good/MiniMax_H3_01230_.mp4	Alex Munday	Lucy Liu	Charlie's Angels
good/MiniMax_H3_01267_.mp4	Nicolas Cage	Nicolas Cage	Real Person / Celebrity
good/MiniMax_H3_01268_.mp4	Castor Troy	Nicolas Cage	Face/Off
good/MiniMax_H3_01269_.mp4	Johnny Blaze / Ghost Rider	Nicolas Cage	Ghost Rider
good/MiniMax_H3_01270_.mp4	Jack Black	Jack Black	Real Person / Celebrity
good/MiniMax_H3_01273_.mp4	Taylor Swift	Taylor Swift	Real Person / Celebrity
good/MiniMax_H3_01274_.mp4	John Travolta	John Travolta	Real Person / Celebrity
good/MiniMax_H3_01275_.mp4	Sean Archer	John Travolta	Face/Off
good/MiniMax_H3_01279_.mp4	Julia Roberts	Julia Roberts	Real Person / Celebrity
good/MiniMax_H3_01281_.mp4	Morgan Freeman	Morgan Freeman	Real Person / Celebrity
good/MiniMax_H3_01282_.mp4	Ellis Boyd 'Red' Redding	Morgan Freeman	The Shawshank Redemption
good/MiniMax_H3_01283_.mp4	Ben Affleck	Ben Affleck	Real Person / Celebrity
good/MiniMax_H3_01284_.mp4	Matt Damon	Matt Damon	Real Person / Celebrity
good/MiniMax_H3_01285_.mp4	Robin Williams	Robin Williams	Real Person / Celebrity
good/MiniMax_H3_01286_.mp4	Angelina Jolie	Angelina Jolie	Real Person / Celebrity
good/MiniMax_H3_01288_.mp4	Sandra Bullock	Sandra Bullock	Real Person / Celebrity
good/MiniMax_H3_01289_.mp4	Tom Hanks	Tom Hanks	Real Person / Celebrity
good/MiniMax_H3_01290_.mp4	Samuel L. Jackson	Samuel L. Jackson	Real Person / Celebrity
good/MiniMax_H3_01291_.mp4	John Travolta	John Travolta	Real Person / Celebrity
good/MiniMax_H3_01293_.mp4	Jennifer Love Hewitt	Jennifer Love Hewitt	Real Person / Celebrity
good/MiniMax_H3_01295_.mp4	Anthony Hopkins	Anthony Hopkins	Real Person / Celebrity
good/MiniMax_H3_01297_.mp4	Brad Pitt	Brad Pitt	Real Person / Celebrity
good/MiniMax_H3_01298_.mp4	Robert De Niro	Robert De Niro	Real Person / Celebrity
good/MiniMax_H3_01299_.mp4	Kevin Costner	Kevin Costner	Real Person / Celebrity
good/MiniMax_H3_01300_.mp4	Tom Cruise	Tom Cruise	Real Person / Celebrity
good/MiniMax_H3_01301_.mp4	Michael Douglas	Michael Douglas	Real Person / Celebrity
good/MiniMax_H3_01302_.mp4	Denzel Washington	Denzel Washington	Real Person / Celebrity
good/MiniMax_H3_01303_.mp4	Jim Carrey	Jim Carrey	Real Person / Celebrity
good/MiniMax_H3_01304_.mp4	Jack Nicholson	Jack Nicholson	Real Person / Celebrity
good/MiniMax_H3_01306_.mp4	Tom Selleck	Tom Selleck	Real Person / Celebrity
good/MiniMax_H3_01307_.mp4	Jackie Chan	Jackie Chan	Real Person / Celebrity
good/MiniMax_H3_01309_.mp4	Paul Rudd	Paul Rudd	Real Person / Celebrity
good/MiniMax_H3_01310_.mp4	Will Ferrell	Will Ferrell	Real Person / Celebrity
good/MiniMax_H3_01311_.mp4	Ben Stiller	Ben Stiller	Real Person / Celebrity
good/MiniMax_H3_01312_.mp4	Owen Wilson	Owen Wilson	Real Person / Celebrity
good/MiniMax_H3_01313_.mp4	Vince Vaughn	Vince Vaughn	Real Person / Celebrity
good/MiniMax_H3_01314_.mp4	Harrison Ford	Harrison Ford	Real Person / Celebrity
good/MiniMax_H3_01316_.mp4	Adam Sandler	Adam Sandler	Real Person / Celebrity
good/MiniMax_H3_01317_.mp4	Ashton Kutcher	Ashton Kutcher	Real Person / Celebrity
good/MiniMax_H3_01318_.mp4	Grant Gustin	Grant Gustin	Real Person / Celebrity
good/MiniMax_H3_01319_.mp4	Tom Hiddleston	Tom Hiddleston	Real Person / Celebrity
good/MiniMax_H3_01320_.mp4	Natalie Portman	Natalie Portman	Real Person / Celebrity
good/MiniMax_H3_01321_.mp4	Tim Allen	Tim Allen	Real Person / Celebrity
good/MiniMax_H3_01325_.mp4	Bruce Wayne / Batman	Ben Affleck	Batman v Superman
good/MiniMax_H3_01326_.mp4	Jason Bourne	Matt Damon	Bourne Franchise / The Bourne Identity
good/MiniMax_H3_01327_.mp4	Daniel Hillard / Mrs. Doubtfire	Robin Williams	Mrs. Doubtfire
good/MiniMax_H3_01328_.mp4	Lara Croft	Angelina Jolie	Lara Croft: Tomb Raider
good/MiniMax_H3_01330_.mp4	Gracie Hart	Sandra Bullock	Miss Congeniality
good/MiniMax_H3_01331_.mp4	Forrest Gump	Tom Hanks	Forrest Gump
good/MiniMax_H3_01332_.mp4	Jules Winnfield	Samuel L. Jackson	Pulp Fiction
good/MiniMax_H3_01333_.mp4	Vincent Vega	John Travolta	Pulp Fiction
good/MiniMax_H3_01335_.mp4	Melinda Gordon	Jennifer Love Hewitt	Ghost Whisperer
good/MiniMax_H3_01336_.mp4	Dylan Sanders	Drew Barrymore	Charlie's Angels
good/MiniMax_H3_01337_.mp4	Dr. Hannibal Lecter	Anthony Hopkins	The Silence of the Lambs
good/MiniMax_H3_01338_.mp4	The Narrator	Edward Norton	Fight Club
good/MiniMax_H3_01339_.mp4	Tyler Durden	Brad Pitt	Fight Club
good/MiniMax_H3_01341_.mp4	John Dutton	Kevin Costner	Yellowstone
good/MiniMax_H3_01342_.mp4	Maverick / Pete Mitchell	Tom Cruise	Top Gun
good/MiniMax_H3_01343_.mp4	Gordon Gekko	Michael Douglas	Wall Street
good/MiniMax_H3_01344_.mp4	Alonzo Harris	Denzel Washington	Training Day
good/MiniMax_H3_01345_.mp4	Ace Ventura	Jim Carrey	Ace Ventura
good/MiniMax_H3_01347_.mp4	Alvy Singer	Woody Allen	Annie Hall
good/MiniMax_H3_01349_.mp4	Inspector Lee	Jackie Chan	Rush Hour
good/MiniMax_H3_01351_.mp4	Scott Lang / Ant-Man	Paul Rudd	Marvel's Avengers
good/MiniMax_H3_01352_.mp4	Ron Burgundy	Will Ferrell	Anchorman
good/MiniMax_H3_01353_.mp4	Derek Zoolander	Ben Stiller	Zoolander
good/MiniMax_H3_01354_.mp4	Hansel	Owen Wilson	Zoolander
good/MiniMax_H3_01355_.mp4	Jeremy Grey	Vince Vaughn	Wedding Crashers
good/MiniMax_H3_01356_.mp4	Indiana Jones	Harrison Ford	Indiana Jones
good/MiniMax_H3_01357_.mp4	Seth	Jonah Hill	Superbad
good/MiniMax_H3_01358_.mp4	Happy Gilmore	Adam Sandler	Happy Gilmore
good/MiniMax_H3_01359_.mp4	Michael Kelso	Ashton Kutcher	That '70s Show
good/MiniMax_H3_01360_.mp4	Barry Allen / The Flash	Grant Gustin	The Flash
good/MiniMax_H3_01361_.mp4	Loki	Tom Hiddleston	Marvel's Avengers
good/MiniMax_H3_01363_.mp4	Tim "The Tool Man" Taylor	Tim Allen	Home Improvement
good/MiniMax_H3_01364_.mp4	Rick O'Connell	Brendan Fraser	The Mummy
good/MiniMax_H3_01369_.mp4	William Munny	Clint Eastwood	Unforgiven
good/MiniMax_H3_01370_.mp4	Dr. Robert Ford	Anthony Hopkins	Westworld
good/MiniMax_H3_01376_.mp4	Dr. Robert Ford	Anthony Hopkins	Westworld
good/MiniMax_H3_01401_.mp4	Sylvester Stallone	Sylvester Stallone	Real Person / Celebrity
good/MiniMax_H3_01402_.mp4	Rocky Balboa	Sylvester Stallone	Rocky
good/MiniMax_H3_01407_.mp4	Idris Elba	Idris Elba	Real Person / Celebrity
good/MiniMax_H3_01408_.mp4	John Luther	Idris Elba	Luther
good/MiniMax_H3_01421_.mp4	Adam Driver	Adam Driver	Real Person / Celebrity
good/MiniMax_H3_01422_.mp4	Kylo Ren	Adam Driver	Star Wars
good/MiniMax_H3_01427_.mp4	Daniel Craig	Daniel Craig	Real Person / Celebrity
good/MiniMax_H3_01428_.mp4	James Bond	Daniel Craig	Casino Royale
good/MiniMax_H3_01435_.mp4	Gordon Ramsay	Gordon Ramsay	Real Person / Celebrity
good/MiniMax_H3_01436_.mp4	Chef Gordon Ramsay	Gordon Ramsay	Hell's Kitchen
good/MiniMax_H3_01440_.mp4	Geralt of Rivia	Henry Cavill	The Witcher
good/MiniMax_H3_01441_.mp4	Hugh Jackman	Hugh Jackman	Real Person / Celebrity
good/MiniMax_H3_01442_.mp4	Wolverine	Hugh Jackman	Marvel's Avengers / X-Men
good/MiniMax_H3_01443_.mp4	Jake Gyllenhaal	Jake Gyllenhaal	Real Person / Celebrity
good/MiniMax_H3_01444_.mp4	Lou Bloom	Jake Gyllenhaal	Nightcrawler
good/MiniMax_H3_01445_.mp4	Jamie Foxx	Jamie Foxx	Real Person / Celebrity
good/MiniMax_H3_01446_.mp4	Django	Jamie Foxx	Django Unchained
good/MiniMax_H3_01451_.mp4	Joe Rogan	Joe Rogan	The Joe Rogan Experience
good/MiniMax_H3_01452_.mp4	Joe Rogan	Joe Rogan	The Joe Rogan Experience
good/MiniMax_H3_01453_.mp4	John Cena	John Cena	Real Person / Celebrity
good/MiniMax_H3_01454_.mp4	Peacemaker	John Cena	Peacemaker
good/MiniMax_H3_01456_.mp4	Dr. Walter Bishop	John Noble	Fringe
good/MiniMax_H3_01459_.mp4	Kanye West	Kanye West	Real Person / Celebrity
good/MiniMax_H3_01460_.mp4	Kanye West	Kanye West	Real Person / Celebrity
good/MiniMax_H3_01462_.mp4	Billy Butcher	Karl Urban	The Boys
good/MiniMax_H3_01463_.mp4	Leonardo DiCaprio	Leonardo DiCaprio	Real Person / Celebrity
good/MiniMax_H3_01464_.mp4	Jordan Belfort	Leonardo DiCaprio	The Wolf of Wall Street
good/MiniMax_H3_01465_.mp4	Mads Mikkelsen	Mads Mikkelsen	Real Person / Celebrity
good/MiniMax_H3_01466_.mp4	Dr. Hannibal Lecter	Mads Mikkelsen	Hannibal
good/MiniMax_H3_01467_.mp4	Matthew McConaughey	Matthew McConaughey	Real Person / Celebrity
good/MiniMax_H3_01468_.mp4	Rust Cohle	Matthew McConaughey	True Detective
good/MiniMax_H3_01469_.mp4	Neil deGrasse Tyson	Neil deGrasse Tyson	Real Person / Celebrity
good/MiniMax_H3_01470_.mp4	Host Neil deGrasse Tyson	Neil deGrasse Tyson	Cosmos
good/MiniMax_H3_01471_.mp4	Michael Fassbender	Michael Fassbender	Real Person / Celebrity
good/MiniMax_H3_01473_.mp4	Woody Harrelson	Woody Harrelson	Real Person / Celebrity
good/MiniMax_H3_01474_.mp4	Tallahassee	Woody Harrelson	Zombieland
good/MiniMax_H3_01475_.mp4	Norman Reedus	Norman Reedus	Real Person / Celebrity
good/MiniMax_H3_01476_.mp4	Daryl Dixon	Norman Reedus	The Walking Dead
good/MiniMax_H3_01478_.mp4	Alluri Sitarama Raju	Ram Charan	RRR
good/MiniMax_H3_01481_.mp4	Robert Pattinson	Robert Pattinson	Real Person / Celebrity
good/MiniMax_H3_01482_.mp4	Edward Cullen	Robert Pattinson	Twilight
good/MiniMax_H3_01483_.mp4	Ryan Gosling	Ryan Gosling	Real Person / Celebrity
good/MiniMax_H3_01484_.mp4	Driver	Ryan Gosling	Drive
good/MiniMax_H3_01485_.mp4	Ryan Reynolds	Ryan Reynolds	Real Person / Celebrity
good/MiniMax_H3_01486_.mp4	Deadpool	Ryan Reynolds	Deadpool / Marvel's Avengers
good/MiniMax_H3_01489_.mp4	Snoop Dogg	Snoop Dogg	Real Person / Celebrity
good/MiniMax_H3_01490_.mp4	Snoop Dogg	Snoop Dogg	Real Person / Celebrity
good/MiniMax_H3_01497_.mp4	Willem Dafoe	Willem Dafoe	Real Person / Celebrity
good/MiniMax_H3_01498_.mp4	Norman Osborn	Willem Dafoe	Spider-Man
good/MiniMax_H3_01499_.mp4	Michael Jackson	Michael Jackson	Real Person / Actor
good/MiniMax_H3_01503_.mp4	Kobe Bryant	Kobe Bryant	Lakers court
good/MiniMax_H3_01504_.mp4	Kobe Bryant	Kobe Bryant	Lakers court
good/MiniMax_H3_01508_.mp4	Komaram Bheem	N. T. Rama Rao Jr.	RRR
good/MiniMax_H3_01509_.mp4	Dave Chappelle	Dave Chappelle	Chappelle's Show
good/MiniMax_H3_01510_.mp4	Dave Chappelle	Dave Chappelle	Chappelle's Show
good/MiniMax_H3_01511_.mp4	David Letterman	David Letterman	Late Show
good/MiniMax_H3_01512_.mp4	David Letterman	David Letterman	Late Show
good/MiniMax_H3_01513_.mp4	Conan O'Brien	Conan O'Brien	Late Night
good/MiniMax_H3_01514_.mp4	Conan O'Brien	Conan O'Brien	Late Night
good/MiniMax_H3_01532_.mp4	Willow Rosenberg	Alyson Hannigan	Buffy the Vampire Slayer
good/MiniMax_H3_01547_.mp4	Barack Obama	Barack Obama	Real Person / Celebrity
good/MiniMax_H3_01548_.mp4	Barack Obama	Barack Obama	Real Person / Celebrity
good/MiniMax_H3_01549_.mp4	Donald Trump	Donald Trump	The Apprentice
good/MiniMax_H3_01550_.mp4	Donald Trump	Donald Trump	The Apprentice
good/MiniMax_H3_01568_.mp4	Agent Olivia Dunham	Anna Torv	Fringe
good/MiniMax_H3_01571_.mp4	Anne Hathaway	Anne Hathaway	Real Person / Celebrity
good/MiniMax_H3_01572_.mp4	Andy Sachs	Anne Hathaway	The Devil Wears Prada
good/MiniMax_H3_02173_.mp4	Adonis Creed	Michael B. Jordan	Creed
good/MiniMax_H3_02566_.mp4	Alan Dutch Schaefer	Arnold Schwarzenegger	Predator
good/MiniMax_H3_02572_.mp4	Aldo Raine	Brad Pitt	Inglourious Basterds
good/MiniMax_H3_02228_.mp4	Anakin Skywalker	Hayden Christensen	Star Wars
good/MiniMax_H3_02569_.mp4	Andy Stitzer	Steve Carell	The 40-Year-Old Virgin
good/MiniMax_H3_02191_.mp4	Anthony Mackie	Anthony Mackie	Real Person / Celebrity
good/MiniMax_H3_02561_.mp4	Barney Ross	Sylvester Stallone	The Expendables
good/MiniMax_H3_02557_.mp4	Benjamin Franklin Gates	Nicolas Cage	National Treasure
good/MiniMax_H3_02553_.mp4	Benoit Blanc	Daniel Craig	Knives Out
good/MiniMax_H3_02319_.mp4	Bilbo Baggins	Martin Freeman	The Hobbit
good/MiniMax_H3_02381_.mp4	Billy Costigan	Leonardo DiCaprio	The Departed
good/MiniMax_H3_02558_.mp4	Brennan Huff	Will Ferrell	Step Brothers
good/MiniMax_H3_02568_.mp4	Brick Tamland	Steve Carell	Anchorman
good/MiniMax_H3_02578_.mp4	Bruce Wayne	Christian Bale	The Dark Knight
good/MiniMax_H3_02285_.mp4	Bruce Wayne / Batman	George Clooney	Batman & Robin
good/MiniMax_H3_02289_.mp4	Bruce Wayne / Batman	Robert Pattinson	The Batman
good/MiniMax_H3_02258_.mp4	Calvin Candie	Leonardo DiCaprio	Django Unchained
good/MiniMax_H3_01472_.mp4	Cameron Poe	Nicolas Cage	Con Air
good/MiniMax_H3_01433_.mp4	Captain Jack Sparrow	Johnny Depp	Pirates of the Caribbean
good/MiniMax_H3_02580_.mp4	Castor Troy	John Travolta	Face/Off
good/MiniMax_H3_02246_.mp4	Cliff Booth	Brad Pitt	Once Upon a Time in Hollywood
good/MiniMax_H3_02185_.mp4	Clint Barton / Hawkeye	Jeremy Renner	Marvel's Avengers
good/MiniMax_H3_02157_.mp4	Colin Farrell	Colin Farrell	Real Person / Celebrity
good/MiniMax_H3_01492_.mp4	Commodus	Joaquin Phoenix	Gladiator
good/MiniMax_H3_02565_.mp4	Conan	Arnold Schwarzenegger	Conan the Barbarian
good/MiniMax_H3_02421_.mp4	Daemon Targaryen	Matt Smith	House of the Dragon
good/MiniMax_H3_02546_.mp4	David Attenborough	David Attenborough	Real Person / Celebrity
good/MiniMax_H3_01493_.mp4	Django Freeman	Jamie Foxx	Django Unchained
good/MiniMax_H3_02577_.mp4	Doctor Stephen Strange	Benedict Cumberbatch	Doctor Strange
good/MiniMax_H3_02564_.mp4	Douglas Quaid	Arnold Schwarzenegger	Total Recall
good/MiniMax_H3_02547_.mp4	Eddie Brock	Tom Hardy	Venom
good/MiniMax_H3_02309_.mp4	Edward Nygma / The Riddler	Jim Carrey	Batman Forever
good/MiniMax_H3_01438_.mp4	Edward Scissorhands	Johnny Depp	Edward Scissorhands
good/MiniMax_H3_02208_.mp4	Eleven	Millie Bobby Brown	Stranger Things
good/MiniMax_H3_02171_.mp4	Erik Killmonger	Michael B. Jordan	Black Panther
good/MiniMax_H3_01447_.mp4	Ethan Hunt	Tom Cruise	Mission: Impossible
good/MiniMax_H3_01458_.mp4	Fletcher Reede	Jim Carrey	Liar Liar
good/MiniMax_H3_02377_.mp4	Frank Costello	Jack Nicholson	The Departed
good/MiniMax_H3_02562_.mp4	Frank Lucas	Denzel Washington	American Gangster
good/MiniMax_H3_02579_.mp4	Frank Slade	Al Pacino	Scent of a Woman
good/MiniMax_H3_02379_.mp4	Gellert Grindelwald	Mads Mikkelsen	Fantastic Beasts
good/MiniMax_H3_02567_.mp4	God	Morgan Freeman	Bruce Almighty
good/MiniMax_H3_02582_.mp4	Hal Wilkerson	Bryan Cranston, 2000s Malcolm in the Middle era	Malcolm in the Middle
good/MiniMax_H3_02576_.mp4	Han Solo	Harrison Ford	Star Wars
good/MiniMax_H3_02549_.mp4	J Robert Oppenheimer	Cillian Murphy	Oppenheimer
good/MiniMax_H3_02329_.mp4	J.K. Simmons	J.K. Simmons	Real Person / Celebrity
good/MiniMax_H3_01448_.mp4	Jack Dawson	Leonardo DiCaprio	Titanic
good/MiniMax_H3_02551_.mp4	James Hunt	Chris Hemsworth	Rush
good/MiniMax_H3_02074_.mp4	Jeff Goldblum	Jeff Goldblum	Real Person / Celebrity
good/MiniMax_H3_02183_.mp4	Jeremy Renner	Jeremy Renner	Real Person / Celebrity
good/MiniMax_H3_02365_.mp4	Jesse Eisenberg	Jesse Eisenberg	Real Person / Celebrity
good/MiniMax_H3_02005_.mp4	Jessica Jones	Krysten Ritter	Jessica Jones
good/MiniMax_H3_02373_.mp4	Jimmy Conway	Robert De Niro	Goodfellas
good/MiniMax_H3_02503_.mp4	Jimmy Fallon	Jimmy Fallon	Real Person / Celebrity
good/MiniMax_H3_02574_.mp4	John Wick	Keanu Reeves	John Wick
good/MiniMax_H3_01449_.mp4	Jordan Belfort	Leonardo DiCaprio	The Wolf of Wall Street
good/MiniMax_H3_02548_.mp4	Joseph Cooper	Matthew McConaughey	Interstellar
good/MiniMax_H3_02560_.mp4	Judge Joseph Dredd	Sylvester Stallone	Judge Dredd
good/MiniMax_H3_02545_.mp4	Kevin Hart	Kevin Hart	Real Person / Celebrity
good/MiniMax_H3_01480_.mp4	Kirk Lazarus	Robert Downey Jr.	Tropic Thunder
good/MiniMax_H3_02019_.mp4	Laurence Fishburne	Laurence Fishburne	Real Person / Celebrity
good/MiniMax_H3_02361_.mp4	Lex Luthor	Kevin Spacey	Superman Returns
good/MiniMax_H3_01457_.mp4	Lloyd Christmas	Jim Carrey	Dumb and Dumber
good/MiniMax_H3_02250_.mp4	Lt. Aldo Raine	Brad Pitt	Inglourious Basterds
good/MiniMax_H3_02009_.mp4	Luke Cage	Mike Colter	Luke Cage
good/MiniMax_H3_02226_.mp4	Mace Windu	Samuel L. Jackson	Star Wars
good/MiniMax_H3_02556_.mp4	Major Marquis Warren	Samuel L. Jackson	The Hateful Eight
good/MiniMax_H3_01487_.mp4	Mark Watney	Matt Damon	The Martian
good/MiniMax_H3_02066_.mp4	Martin Sheen	Martin Sheen	Real Person / Celebrity
good/MiniMax_H3_02013_.mp4	Matt Murdock	Ben Affleck	Daredevil
good/MiniMax_H3_02153_.mp4	Max Rockatansky	Tom Hardy	Mad Max: Fury Road
good/MiniMax_H3_02036_.mp4	Meryl Streep	Meryl Streep	Real Person / Celebrity
good/MiniMax_H3_02169_.mp4	Michael B. Jordan	Michael B. Jordan	Real Person / Celebrity
good/MiniMax_H3_01429_.mp4	Michael Corleone	Al Pacino	The Godfather
good/MiniMax_H3_02018_.mp4	Morpheus	Laurence Fishburne	The Matrix
good/MiniMax_H3_02571_.mp4	Natasha Romanoff	Scarlett Johansson	The Avengers
good/MiniMax_H3_02033_.mp4	Navin R. Johnson	Steve Martin	The Jerk
good/MiniMax_H3_02575_.mp4	Neo	Keanu Reeves	The Matrix
good/MiniMax_H3_02192_.mp4	Neytiri	Zoe Saldana	Avatar
good/MiniMax_H3_02163_.mp4	Oscar Isaac	Oscar Isaac	Real Person / Celebrity
good/MiniMax_H3_02241_.mp4	Owen Grady	Chris Pratt	Jurassic World
good/MiniMax_H3_02160_.mp4	Pennywise	Bill Skarsgård	IT
good/MiniMax_H3_02573_.mp4	Pete Maverick Mitchell	Tom Cruise	Top Gun
good/MiniMax_H3_02225_.mp4	Qui-Gon Jinn	Liam Neeson	Star Wars
good/MiniMax_H3_02552_.mp4	Ransom Drysdale	Chris Evans	Knives Out
good/MiniMax_H3_02161_.mp4	Ray	Colin Farrell	In Bruges
good/MiniMax_H3_01477_.mp4	Richard Kimble	Harrison Ford	The Fugitive
good/MiniMax_H3_02554_.mp4	Rick Deckard	Harrison Ford	Blade Runner
good/MiniMax_H3_02559_.mp4	Ricky Bobby	Will Ferrell	Talladega Nights
good/MiniMax_H3_02060_.mp4	Rob Lowe	Rob Lowe	Real Person / Celebrity
good/MiniMax_H3_02563_.mp4	Robert McCall	Denzel Washington	The Equalizer
good/MiniMax_H3_02555_.mp4	Sam Ace Rothstein	Robert De Niro	Casino
good/MiniMax_H3_02061_.mp4	Sam Seaborn	Rob Lowe	The West Wing
good/MiniMax_H3_02230_.mp4	Sean Dignam	Mark Wahlberg	The Departed
good/MiniMax_H3_01479_.mp4	Sherlock Holmes	Robert Downey Jr.	Sherlock Holmes
good/MiniMax_H3_02570_.mp4	Stanley Ipkiss as The Mask	Jim Carrey	The Mask
good/MiniMax_H3_02501_.mp4	Stephen Colbert	Stephen Colbert	Real Person / Celebrity
good/MiniMax_H3_02356_.mp4	Stringer Bell	Idris Elba	The Wire
good/MiniMax_H3_02151_.mp4	Tom Hardy	Tom Hardy	Real Person / Celebrity
good/MiniMax_H3_02581_.mp4	Tony Montana	Al Pacino	Scarface
good/MiniMax_H3_01450_.mp4	Tyler Durden	Brad Pitt	Fight Club
good/MiniMax_H3_02550_.mp4	Tyler Rake	Chris Hemsworth	Extraction
good/MiniMax_H3_01437_.mp4	Vincent Hanna	Al Pacino	Heat
good/MiniMax_H3_01426_.mp4	Vincent Vega	John Travolta	Pulp Fiction
good/MiniMax_H3_01488_.mp4	Will Hunting	Matt Damon	Good Will Hunting
good/MiniMax_H3_01461_.mp4	William Somerset	Morgan Freeman	Se7en
good/MiniMax_H3_01439_.mp4	Willy Wonka	Johnny Depp	Charlie and the Chocolate Factory
